first_name,last_name,gender,date_of_birth,email,race,country,location
Bev,Titchener,Female,10/6/2022,btitchener0@ow.ly,Ecuadorian,Honduras,323 Shasta Trail
Gerti,Baysting,Female,11/27/2021,gbaysting1@hatena.ne.jp,Bolivian,Russia,6597 Longview Avenue
Lotte,Bullard,Female,8/21/2022,lbullard2@howstuffworks.com,Venezuelan,Greece,9218 Mesta Lane
Oralie,Yellop,Female,12/21/2021,oyellop3@vkontakte.ru,Native Hawaiian,United States,42665 Maple Wood Alley
Bernie,Ashpital,Male,7/29/2022,bashpital4@vimeo.com,Aleut,Brazil,251 Glacier Hill Court
Gonzalo,McBryde,Male,2/12/2022,gmcbryde5@sakura.ne.jp,Malaysian,Brazil,2 Brickson Park Trail
Ephrem,Gallaher,Male,10/29/2022,egallaher6@i2i.jp,Pakistani,Japan,2 Bobwhite Court
Aleta,Gledhill,Female,12/23/2021,agledhill7@newyorker.com,Panamanian,China,2 Petterle Drive
Bernadina,Dewen,Female,3/19/2022,bdewen8@chronoengine.com,Sri Lankan,France,4 Westend Way
Marc,Innot,Male,10/27/2022,minnot9@devhub.com,Indonesian,Indonesia,83 Parkside Parkway
Daron,Gristwood,Male,3/5/2022,dgristwooda@zimbio.com,Pueblo,Dominican Republic,24 Barby Point
Alard,Berntssen,Male,3/19/2022,aberntssenb@godaddy.com,South American,Portugal,96 Morrow Hill
Othello,Scardefield,Male,10/9/2022,oscardefieldc@angelfire.com,Puget Sound Salish,Serbia,2 Dennis Road
Kit,Malpas,Female,11/24/2021,kmalpasd@stumbleupon.com,Cree,Croatia,1 Burrows Drive
Davin,Mc-Kerley,Male,11/11/2022,dmckerleye@sourceforge.net,Eskimo,Colombia,88 Ridge Oak Center
Vinni,Lampett,Female,3/14/2022,vlampettf@theatlantic.com,Cuban,United States,57 4th Point
Brant,Janicek,Male,3/21/2022,bjanicekg@amazon.co.jp,Colville,Philippines,841 Annamark Center
Antonella,Boraston,Female,8/5/2022,aborastonh@elegantthemes.com,Venezuelan,China,193 Vera Park
Sissie,Blanking,Female,7/19/2022,sblankingi@webmd.com,Cherokee,Russia,0237 Vahlen Lane
Kimble,Yitzovicz,Male,3/21/2022,kyitzoviczj@slideshare.net,Colombian,Indonesia,231 Twin Pines Trail
Jori,Medlen,Female,7/14/2022,jmedlenk@apple.com,Houma,Cuba,492 Heffernan Center
Farrand,Trunchion,Female,3/30/2022,ftrunchionl@fema.gov,Puerto Rican,Ivory Coast,518 American Way
Swen,Benbough,Male,9/8/2022,sbenboughm@un.org,Mexican,Morocco,2421 Sachtjen Avenue
Suzanne,Ramey,Female,4/27/2022,srameyn@devhub.com,Dominican (Dominican Republic),Russia,431 Monterey Avenue
Rockie,felip,Male,11/22/2021,rfelipo@upenn.edu,Iroquois,Finland,0 Luster Point
Emmery,Ilyenko,Male,4/2/2022,eilyenkop@epa.gov,Puget Sound Salish,Belarus,96064 Steensland Drive
Carmencita,Hall,Female,3/10/2022,challq@engadget.com,Black or African American,Philippines,0978 Lakeland Way
Molly,Hackly,Female,10/1/2022,mhacklyr@fotki.com,Potawatomi,Liberia,0 Hoepker Lane
John,Banaszewski,Male,1/8/2022,jbanaszewskis@statcounter.com,Asian Indian,Tunisia,43 Larry Way
Travus,Sawood,Male,4/16/2022,tsawoodt@icio.us,Paraguayan,Russia,7 Dovetail Pass
Junie,Greer,Female,9/29/2022,jgreeru@amazon.co.jp,Seminole,Philippines,95 Texas Way
Jeramey,Polding,Male,5/29/2022,jpoldingv@qq.com,Yaqui,Russia,444 Michigan Terrace
Joye,Ackhurst,Female,11/28/2021,jackhurstw@technorati.com,Creek,Czech Republic,3917 Warner Trail
Tanitansy,Leechman,Female,8/28/2022,tleechmanx@unc.edu,Uruguayan,Ukraine,54 Becker Trail
Camey,McCalister,Male,7/2/2022,cmccalistery@economist.com,American Indian,Ukraine,12685 Lakewood Gardens Pass
Morton,Nellies,Male,5/23/2022,mnelliesz@businessweek.com,Chickasaw,China,2 Harper Junction
Elias,McCusker,Male,8/29/2022,emccusker10@wordpress.com,Argentinian,France,0301 Bunting Hill
Zena,Flanders,Female,3/31/2022,zflanders11@google.co.jp,Mexican,Canada,1 Derek Junction
Hilda,Martusov,Female,11/6/2022,hmartusov12@cafepress.com,Pakistani,Indonesia,4 Dennis Court
Hamil,Bowie,Male,12/1/2021,hbowie13@umich.edu,White,Argentina,4232 Lotheville Junction
Raf,Jonin,Female,2/12/2022,rjonin14@wp.com,Thai,Argentina,40 Russell Plaza
Ryun,Mc Queen,Male,6/29/2022,rmcqueen15@state.gov,Delaware,Russia,37898 Sheridan Parkway
Ivie,Stronack,Female,12/15/2021,istronack16@a8.net,Uruguayan,Cuba,8952 Jenifer Terrace
Berta,Voice,Female,7/12/2022,bvoice17@360.cn,Pima,Poland,26 Warbler Lane
Leshia,Barock,Female,4/7/2022,lbarock18@pbs.org,Honduran,Indonesia,39082 Mayer Pass
Ive,O'Riordan,Male,5/23/2022,ioriordan19@vkontakte.ru,Yuman,Venezuela,72318 Lakewood Lane
Coriss,Cowing,Female,8/25/2022,ccowing1a@rediff.com,Cree,Ireland,1 Carioca Trail
Angelica,Corkel,Female,12/13/2021,acorkel1b@posterous.com,Spaniard,Indonesia,2 Mcbride Plaza
Giusto,Bloxsom,Male,3/28/2022,gbloxsom1c@biblegateway.com,American Indian and Alaska Native (AIAN),Namibia,88057 Westridge Place
Yehudit,Hellin,Male,11/15/2022,yhellin1d@msu.edu,Native Hawaiian and Other Pacific Islander (NHPI),China,5 Sutherland Place
Edgard,Greenham,Male,12/16/2021,egreenham1e@linkedin.com,Indonesian,Indonesia,245 Springs Road
Shelbi,Le Borgne,Female,3/1/2022,sleborgne1f@timesonline.co.uk,Black or African American,Bulgaria,772 Hoffman Plaza
Payton,Crothers,Male,8/10/2022,pcrothers1g@domainmarket.com,Filipino,United States,7762 Boyd Pass
Roddy,Skures,Male,10/4/2022,rskures1h@usda.gov,Black or African American,Brazil,79971 Loftsgordon Junction
Alastair,Palia,Male,11/1/2022,apalia1i@abc.net.au,Cuban,Thailand,2963 Spaight Way
Monti,Botten,Male,11/30/2021,mbotten1j@discuz.net,Argentinian,China,68971 Moulton Court
Colleen,Stryde,Female,3/21/2022,cstryde1k@google.pl,Ottawa,Czech Republic,082 Saint Paul Park
Janos,Hartman,Male,2/24/2022,jhartman1l@answers.com,Guatemalan,Mexico,23032 Carpenter Street
Sigismond,Lemmens,Male,6/27/2022,slemmens1m@cyberchimps.com,Polynesian,Sweden,0 Pond Avenue
Reider,Grainger,Male,4/28/2022,rgrainger1n@g.co,Spaniard,Vietnam,0675 Anthes Park
Angelique,Weatherell,Female,4/18/2022,aweatherell1o@posterous.com,Guamanian,United States,2 Carioca Road
Bruno,Hedley,Male,5/24/2022,bhedley1p@goodreads.com,Uruguayan,Brazil,6 Vahlen Avenue
Zena,Try,Female,12/12/2021,ztry1q@narod.ru,Hmong,Indonesia,43442 Meadow Ridge Lane
Zita,Blackden,Female,10/21/2022,zblackden1r@telegraph.co.uk,American Indian and Alaska Native (AIAN),Indonesia,738 Schurz Road
Clary,Harrad,Female,7/13/2022,charrad1s@fc2.com,South American,Philippines,35836 Maryland Road
Aile,Hounihan,Female,7/13/2022,ahounihan1t@gravatar.com,Cambodian,Haiti,65089 Kim Street
Mahmud,Lisett,Male,7/31/2022,mlisett1u@discuz.net,Taiwanese,Qatar,4394 Lakeland Court
Archaimbaud,Oliva,Male,8/12/2022,aoliva1v@house.gov,Paiute,Indonesia,82 Texas Center
Jessalin,Sprouls,Female,10/7/2022,jsprouls1w@home.pl,Melanesian,Indonesia,50462 Golf Point
Darcey,Furmagier,Female,2/8/2022,dfurmagier1x@hubpages.com,Shoshone,Vietnam,42590 Golf Park
Jayme,Euels,Female,4/19/2022,jeuels1y@dyndns.org,Ecuadorian,China,45 Susan Drive
Toddy,Elvins,Male,10/8/2022,telvins1z@vkontakte.ru,Shoshone,United States,1388 Hansons Crossing
Rickert,Dunstan,Male,12/4/2021,rdunstan20@wisc.edu,Native Hawaiian and Other Pacific Islander (NHPI),Macedonia,59803 Lighthouse Bay Terrace
Amelia,Hirth,Female,7/10/2022,ahirth21@plala.or.jp,Cherokee,Mexico,5344 Monument Park
Sebastien,Dalziell,Male,9/28/2022,sdalziell22@histats.com,Paiute,Tunisia,8095 Pierstorff Trail
Hurlee,Luberto,Male,8/4/2022,hluberto23@accuweather.com,Houma,China,783 Melby Circle
Lida,Snaddon,Female,5/10/2022,lsnaddon24@ow.ly,Colombian,Indonesia,248 Barnett Circle
Creighton,Corhard,Male,1/8/2022,ccorhard25@amazonaws.com,Bolivian,China,946 Lake View Street
Stacee,McConway,Male,4/6/2022,smcconway26@hostgator.com,Chamorro,Belarus,7 Graedel Trail
Herculie,Sibbons,Male,10/3/2022,hsibbons27@google.co.uk,Fijian,Brazil,778 Mariners Cove Court
Aubrie,Gutsell,Female,6/11/2022,agutsell28@google.co.uk,Tohono O'Odham,Russia,0238 Vermont Hill
Edlin,Bartrum,Male,5/23/2022,ebartrum29@stumbleupon.com,Puerto Rican,United States,96 Reinke Circle
Joya,Ollander,Female,1/19/2022,jollander2a@typepad.com,Crow,China,34598 Parkside Plaza
Moises,Kinman,Male,8/9/2022,mkinman2b@dedecms.com,Lumbee,China,0331 Coolidge Court
Gauthier,McCracken,Male,1/22/2022,gmccracken2c@addthis.com,Paiute,Macedonia,50 Comanche Plaza
Bear,Patley,Male,7/28/2022,bpatley2d@flickr.com,Vietnamese,France,2 Larry Center
Robbi,Trousdell,Female,3/22/2022,rtrousdell2e@google.cn,Native Hawaiian and Other Pacific Islander (NHPI),Canada,54 Shelley Junction
Claire,Iacopetti,Male,10/20/2022,ciacopetti2f@google.com.au,White,Indonesia,65551 Pennsylvania Street
Chandra,Spinelli,Female,8/10/2022,cspinelli2g@bandcamp.com,Korean,China,75 Quincy Pass
Mable,Danielli,Female,1/4/2022,mdanielli2h@ow.ly,Navajo,Russia,57 Russell Alley
Quinton,Shave,Male,9/20/2022,qshave2i@flavors.me,Spaniard,China,405 Comanche Lane
Lesli,Golton,Female,9/13/2022,lgolton2j@diigo.com,Apache,China,0 Shelley Park
Cord,Matis,Male,12/27/2021,cmatis2k@wordpress.com,Colombian,Portugal,7714 Iowa Point
Kele,Rydeard,Male,1/10/2022,krydeard2l@usnews.com,Alaskan Athabascan,Brazil,14 Huxley Way
Allsun,Fante,Female,7/12/2022,afante2m@dailymail.co.uk,Asian Indian,Armenia,066 Goodland Trail
Petrina,Dranfield,Female,4/12/2022,pdranfield2n@earthlink.net,American Indian and Alaska Native (AIAN),Poland,269 Lunder Drive
Murdock,Minchella,Male,5/5/2022,mminchella2o@nydailynews.com,Eskimo,Colombia,4 Melody Center
Banky,Knudsen,Male,6/19/2022,bknudsen2p@studiopress.com,Shoshone,Norway,65 Briar Crest Plaza
Theresa,Rubel,Female,12/27/2021,trubel2q@nifty.com,Bolivian,Russia,03347 Erie Alley
Peder,Spawforth,Male,4/19/2022,pspawforth2r@cloudflare.com,Micronesian,Brazil,16294 Ohio Alley
